<?xml version="1.0" encoding="UTF-8" standalone="yes"?>

                <Invoice xmlns="urn:oasis:names:specification:ubl:schema:xsd:Invoice-2" xmlns:cbc="urn:oasis:names:specification:ubl:schema:xsd:CommonBasicComponents-2"
 xmlns:cac="urn:oasis:names:specification:ubl:schema:xsd:CommonAggregateComponents-2" xmlns:ns4="urn:oasis:names:specification:ubl:schema:xsd:CommonExtensionComponents-2"
 xmlns:xsi="http://www.w3.org/2001/XMLSchema-instance" xsi:schemaLocation="urn:oasis:names:specification:ubl:schema:xsd:Invoice-2 http://docs.oasis-open.org/ubl/os-UBL-2.1/xsd/maindoc/UBL-Invoice-2.1.xsd">
                <cbc:CustomizationID>urn:cen.eu:en16931:2017#compliant#urn:efactura.mfinante.ro:CIUS-RO:1.0.1</cbc:CustomizationID>
                <cbc:ID>1800000012</cbc:ID>
                <cbc:IssueDate>2024-03-29</cbc:IssueDate>
                <cbc:DueDate>2024-04-28</cbc:DueDate>
                <cbc:InvoiceTypeCode>380</cbc:InvoiceTypeCode>
                <cbc:DocumentCurrencyCode>RON</cbc:DocumentCurrencyCode>
                
                <cac:AccountingSupplierParty>
                    <cac:Party>
                        <cac:PostalAddress>
                            <cbc:StreetName>ALEEA SINAIA, 120</cbc:StreetName>
                            <cbc:CityName>DOICESTI</cbc:CityName>
                            <cbc:CountrySubentity>RO-DB</cbc:CountrySubentity>
                            <cac:Country>
                                <cbc:IdentificationCode>RO</cbc:IdentificationCode>
                            </cac:Country>
                        </cac:PostalAddress>
                        <cac:PartyTaxScheme>
                            <cbc:CompanyID>RO901512</cbc:CompanyID>
                            <cac:TaxScheme>
                                <cbc:ID>VAT</cbc:ID>
                            </cac:TaxScheme>
                        </cac:PartyTaxScheme>
                        <cac:PartyLegalEntity>
                            <cbc:RegistrationName>Vibrantz Performance Pigments Romania SRL</cbc:RegistrationName>
                            <cbc:CompanyID>RO901512</cbc:CompanyID>
                        </cac:PartyLegalEntity>
                    </cac:Party>
                </cac:AccountingSupplierParty>
                
                <cac:AccountingCustomerParty>
                    <cac:Party>
                        <cac:PostalAddress>
                            <cbc:StreetName>  129B</cbc:StreetName>
                            <cbc:CityName>Sat Ceauresti Com. Poienarii de Arges</cbc:CityName>
                            <cbc:CountrySubentity>RO-AG</cbc:CountrySubentity>
                            <cac:Country>
                                <cbc:IdentificationCode>RO</cbc:IdentificationCode>
                            </cac:Country>
                        </cac:PostalAddress>
                        <cac:PartyTaxScheme>
                            <cbc:CompanyID>RO18713082</cbc:CompanyID>
                            <cac:TaxScheme>
                                <cbc:ID>VAT</cbc:ID>
                            </cac:TaxScheme>
                        </cac:PartyTaxScheme>
                        <cac:PartyLegalEntity>
                            <cbc:RegistrationName>SC Anepal Ambalaje SRL</cbc:RegistrationName>
                            <cbc:CompanyID>RO18713082</cbc:CompanyID>
                        </cac:PartyLegalEntity>
                    </cac:Party>
                </cac:AccountingCustomerParty>
                        <cac:TaxTotal>
                            <cbc:TaxAmount currencyID="RON">114.53</cbc:TaxAmount>
                            <cac:TaxSubtotal>
                                <cbc:TaxableAmount currencyID="RON">602.8</cbc:TaxableAmount>
                                <cbc:TaxAmount currencyID="RON">114.53</cbc:TaxAmount>
                                <cac:TaxCategory>
                                    
                                    <cbc:ID>S</cbc:ID>
                                    <cbc:Percent>19.0</cbc:Percent>
                                    <cac:TaxScheme>
                                        <cbc:ID>VAT</cbc:ID>
                                    </cac:TaxScheme>
                                </cac:TaxCategory>
                            </cac:TaxSubtotal>
                        </cac:TaxTotal>

                <cac:LegalMonetaryTotal>
                    <cbc:LineExtensionAmount currencyID="RON">602.8</cbc:LineExtensionAmount>
                    <cbc:TaxExclusiveAmount currencyID="RON">602.8</cbc:TaxExclusiveAmount>
                    <cbc:TaxInclusiveAmount currencyID="RON">717.33</cbc:TaxInclusiveAmount>
                    <cbc:AllowanceTotalAmount currencyID="RON">0.00</cbc:AllowanceTotalAmount>
                    <cbc:ChargeTotalAmount currencyID="RON">0.00</cbc:ChargeTotalAmount>
                    <cbc:PrepaidAmount currencyID="RON">0.00</cbc:PrepaidAmount>
                    <cbc:PayableRoundingAmount currencyID="RON">0.00</cbc:PayableRoundingAmount>
                    <cbc:PayableAmount currencyID="RON">717.33</cbc:PayableAmount>
                </cac:LegalMonetaryTotal><cac:InvoiceLine>
                            <cbc:ID>1</cbc:ID>
                            <cbc:InvoicedQuantity unitCode="KGM">5480</cbc:InvoicedQuantity>
                            <cbc:LineExtensionAmount currencyID="RON">602.8</cbc:LineExtensionAmount>
                            <cac:Item>
                                <cbc:Name>Deseu Ambalaj Lemn</cbc:Name>
                                <cac:ClassifiedTaxCategory>
                                    <cbc:ID>S</cbc:ID>
                                    <cbc:Percent>19.0</cbc:Percent>
                                    <cac:TaxScheme>
                                        <cbc:ID>VAT</cbc:ID>
                                    </cac:TaxScheme>
                                </cac:ClassifiedTaxCategory>
                            </cac:Item>
                            <cac:Price>
                                <cbc:PriceAmount currencyID="RON">0.11</cbc:PriceAmount>
                            </cac:Price>
                        </cac:InvoiceLine>
</Invoice>